,1. Satisfaction with Breasts,3. Satisfaction with Outcome,4. PsychoSocial Well-being,5. Sexual Well-being,6. Physical Well-being: Chest,7. Physical Well-being: Abdomen,10. Satisfaction with Nipples,11. Satisfaction with Information,12. Surgeon,13. Medical Staff,14. Office Staff
count,135.0,135.0,135.0,90.0,135.0,7.0,38.0,135.0,135.0,135.0,135.0
mean,69.82222222222222,84.25185185185185,80.1037037037037,69.05555555555556,79.25185185185185,75.85714285714286,68.10526315789474,86.33333333333333,97.5037037037037,94.32592592592593,95.4888888888889
std,16.71038048401047,17.751064091929777,21.472396050519357,27.415390211966834,14.696287742512535,22.755428447065633,22.989762085321523,17.92896430901768,8.231604615044324,12.688477338067447,11.501373484927832
min,36.0,32.0,0.0,0.0,39.0,46.0,21.0,36.0,47.0,47.0,45.0
25%,57.0,75.0,63.0,47.0,68.0,58.5,55.0,71.0,100.0,100.0,100.0
50%,67.0,86.0,86.0,63.0,81.0,79.0,61.0,100.0,100.0,100.0,100.0
75%,84.5,100.0,100.0,100.0,91.0,94.5,87.0,100.0,100.0,100.0,100.0
max,100.0,100.0,100.0,100.0,100.0,100.0,100.0,100.0,100.0,100.0,100.0
